{
    "autoencoderNnnormalized10WindowConverenceLoss11301035": {
        "reward_low_FN_rate": {
            "score": -216.6613385283878,
            "threshold": 0.9999549865722663
        },
        "reward_low_FP_rate": {
            "score": -107.69410182372755,
            "threshold": 0.9999549865722663
        },
        "standard": {
            "score": -106.66133852838783,
            "threshold": 0.9999549865722663
        }
    },
    "autoencoderNnnormalized10WindowConvergenceLoss11292348": {
        "reward_low_FN_rate": {
            "score": -232.0,
            "threshold": 0.9765625000000007
        },
        "reward_low_FP_rate": {
            "score": -116.0,
            "threshold": 0.9765625000000007
        },
        "standard": {
            "score": -116.0,
            "threshold": 0.9765625000000007
        }
    },
    "autoencoderNnnormalized10WindowCovnergenceLoss11301213": {
        "reward_low_FN_rate": {
            "score": -216.66133852838783,
            "threshold": 0.9999549865722663
        },
        "reward_low_FP_rate": {
            "score": -107.69410182372754,
            "threshold": 0.9999549865722663
        },
        "standard": {
            "score": -106.66133852838782,
            "threshold": 0.9999549865722663
        }
    },
    "autoencoderNnnormalized10WindowMAEAverageCorrect11301515": {
        "reward_low_FN_rate": {
            "score": -216.66133852838783,
            "threshold": 0.9999549865722663
        },
        "reward_low_FP_rate": {
            "score": -107.69410182372754,
            "threshold": 0.9999549865722663
        },
        "standard": {
            "score": -106.66133852838783,
            "threshold": 0.9999549865722663
        }
    },
    "autoencoderNnnormalized10WindowMAEAverageCorrect1130160": {
        "reward_low_FN_rate": {
            "score": -130.44462110191841,
            "threshold": 0.9999773025512699
        },
        "reward_low_FP_rate": {
            "score": -60.59278115194935,
            "threshold": 0.9999773025512699
        },
        "standard": {
            "score": -53.444621101918386,
            "threshold": 0.9999773025512699
        }
    },
    "autoencoderNnnormalized10WindowMAEAverageMAEloss123948": {
        "reward_low_FN_rate": {
            "score": -140.90571631207283,
            "threshold": 0.9999118804931648
        },
        "reward_low_FP_rate": {
            "score": -60.78294712825676,
            "threshold": 0.9999917984008794
        },
        "standard": {
            "score": -57.349947737395254,
            "threshold": 0.9999917984008794
        }
    },
    "autoencoderNnnormalized10WindowMAEAveraged11292252": {
        "reward_low_FN_rate": {
            "score": -232.0,
            "threshold": 0.9765625000000007
        },
        "reward_low_FP_rate": {
            "score": -116.0,
            "threshold": 0.9765625000000007
        },
        "standard": {
            "score": -116.0,
            "threshold": 0.9765625000000007
        }
    },
    "autoencoderNnnormalized10WindowMAEAveraged11301313": {
        "reward_low_FN_rate": {
            "score": -232.0,
            "threshold": 0.9765625000000007
        },
        "reward_low_FP_rate": {
            "score": -116.0,
            "threshold": 0.9765625000000007
        },
        "standard": {
            "score": -116.0,
            "threshold": 0.9765625000000007
        }
    },
    "autoencoderNnnormalized15WindowMSEAverageScoreMSELoss1241637": {
        "reward_low_FN_rate": {
            "score": -123.89634435735546,
            "threshold": 0.9999900817871097
        },
        "reward_low_FP_rate": {
            "score": -51.03678305606157,
            "threshold": 0.9999900817871097
        },
        "standard": {
            "score": -47.89634435735545,
            "threshold": 0.9999900817871097
        }
    },
    "autoencoderNnnormalized20WindowMSEAverageScoreMSELoss1231756": {
        "reward_low_FN_rate": {
            "score": -133.6913450744691,
            "threshold": 0.9999898910522464
        },
        "reward_low_FP_rate": {
            "score": -55.997935378336216,
            "threshold": 0.9999898910522464
        },
        "standard": {
            "score": -53.69134507446909,
            "threshold": 0.9999898910522464
        }
    },
    "autoencoderNnnormalized25WindowMSEAverageScoreMSELoss1241655": {
        "reward_low_FN_rate": {
            "score": -141.5791203329579,
            "threshold": 0.9999879837036139
        },
        "reward_low_FP_rate": {
            "score": -60.3689015928576,
            "threshold": 0.9999879837036139
        },
        "standard": {
            "score": -58.579120332957906,
            "threshold": 0.9999879837036139
        }
    },
    "autoencoderNnnormalized30WindowMSEAverageScoreMSELoss1232143": {
        "reward_low_FN_rate": {
            "score": -148.88000873634624,
            "threshold": 0.9998535156250006
        },
        "reward_low_FP_rate": {
            "score": -65.3124302372692,
            "threshold": 0.9999900817871097
        },
        "standard": {
            "score": -63.88245182711961,
            "threshold": 0.9999900817871097
        }
    },
    "autoencoderNnnormalized35WindowMSEAverageScoreMSELoss1242112": {
        "reward_low_FN_rate": {
            "score": -159.22835923728462,
            "threshold": 0.9998779296875003
        },
        "reward_low_FP_rate": {
            "score": -70.75406313869763,
            "threshold": 0.9999893188476566
        },
        "standard": {
            "score": -69.43408415455117,
            "threshold": 0.9999893188476566
        }
    },
    "autoencoderNnnormalized40WindowMSEAverageScoreMSELoss123223": {
        "reward_low_FN_rate": {
            "score": -158.10297489236476,
            "threshold": 0.9999719619750984
        },
        "reward_low_FP_rate": {
            "score": -70.40974342239063,
            "threshold": 0.9999900817871097
        },
        "standard": {
            "score": -69.30879217354749,
            "threshold": 0.9999900817871097
        }
    },
    "autoencoderNnnormalized50WindowMSEAverageScoreMSELoss124754": {
        "reward_low_FN_rate": {
            "score": -173.0297374152333,
            "threshold": 0.9999893188476566
        },
        "reward_low_FP_rate": {
            "score": -80.35311863387905,
            "threshold": 0.9999893188476566
        },
        "standard": {
            "score": -79.02973741523331,
            "threshold": 0.9999893188476566
        }
    },
    "bayesChangePt": {
        "reward_low_FN_rate": {
            "score": -119.7471580442638,
            "threshold": 0.9813537597656257
        },
        "reward_low_FP_rate": {
            "score": -108.56073591812678,
            "threshold": 0.9945251464843755
        },
        "standard": {
            "score": -74.9034705754507,
            "threshold": 0.9845962524414067
        }
    },
    "cnn_prediction": {
        "reward_low_FN_rate": {
            "score": -7309.5216570444445,
            "threshold": 0.9998044967651372
        },
        "reward_low_FP_rate": {
            "score": -14529.533708533814,
            "threshold": 0.9998044967651372
        },
        "standard": {
            "score": -7258.5216570444445,
            "threshold": 0.9998044967651372
        }
    },
    "contextOSE": {
        "reward_low_FN_rate": {
            "score": 22.672220314455487,
            "threshold": 0.7047851562500003
        },
        "reward_low_FP_rate": {
            "score": 39.38696292192149,
            "threshold": 0.7656372070312502
        },
        "standard": {
            "score": 46.16700000679116,
            "threshold": 0.7655273437500002
        }
    },
    "expose": {
        "reward_low_FN_rate": {
            "score": -138.31510519385375,
            "threshold": 0.9935243606567389
        },