{
    "bayesChangePt": {
        "reward_low_FN_rate": {
            "score": -119.7471580442638,
            "threshold": 0.9813537597656257
        },
        "reward_low_FP_rate": {
            "score": -108.56073591812678,
            "threshold": 0.9945251464843755
        },
        "standard": {
            "score": -74.9034705754507,
            "threshold": 0.9845962524414067
        }
    },
    "cnn_prediction": {
        "reward_low_FN_rate": {
            "score": -7309.5216570444445,
            "threshold": 0.9998044967651372
        },
        "reward_low_FP_rate": {
            "score": -14529.533708533814,
            "threshold": 0.9998044967651372
        },
        "standard": {
            "score": -7258.5216570444445,
            "threshold": 0.9998044967651372
        }
    },
    "contextOSE": {
        "reward_low_FN_rate": {
            "score": 22.672220314455487,
            "threshold": 0.7047851562500003
        },
        "reward_low_FP_rate": {
            "score": 39.38696292192149,
            "threshold": 0.7656372070312502
        },
        "standard": {
            "score": 46.16700000679116,
            "threshold": 0.7655273437500002
        }
    },
    "expose": {
        "reward_low_FN_rate": {
            "score": -138.31510519385375,
            "threshold": 0.9935243606567389
        },
        "reward_low_FP_rate": {
            "score": -108.5970398319597,
            "threshold": 0.9999267578125005
        },
        "standard": {
            "score": -77.86692739970123,
            "threshold": 0.9947875976562506
        }
    },
    "htmjava": {
        "reward_low_FN_rate": {
            "score": 8.764037437134272,
            "threshold": 0.5126953125
        },
        "reward_low_FP_rate": {
            "score": 15.463515082084744,
            "threshold": 0.65076904296875
        },
        "standard": {
            "score": 33.76403743713426,
            "threshold": 0.5126953125
        }
    },
    "knncad": {
        "reward_low_FN_rate": {
            "score": 0.0,
            "threshold": 1.0
        },
        "reward_low_FP_rate": {
            "score": 0.0,
            "threshold": 1.0
        },
        "standard": {
            "score": 0.0,
            "threshold": 1.0
        }
    },
    "null": {
        "reward_low_FN_rate": {
            "score": -232.0,
            "threshold": 0.6250000000000001
        },
        "reward_low_FP_rate": {
            "score": -116.0,
            "threshold": 0.6250000000000001
        },
        "standard": {
            "score": -116.0,
            "threshold": 0.6250000000000001
        }
    },
    "numenta": {
        "reward_low_FN_rate": {
            "score": 26.634450197137568,
            "threshold": 0.5421876907348634
        },
        "reward_low_FP_rate": {
            "score": 30.431072517124093,
            "threshold": 0.5751955032348636
        },
        "standard": {
            "score": 46.634450197137596,
            "threshold": 0.5421876907348634
        }
    },
    "numentaTM": {
        "reward_low_FN_rate": {
            "score": 8.764037437134272,
            "threshold": 0.5126953125
        },
        "reward_low_FP_rate": {
            "score": 15.463515082084744,
            "threshold": 0.65076904296875
        },
        "standard": {
            "score": 33.76403743713426,
            "threshold": 0.5126953125
        }
    },
    "predictionLstmnormalized30Window11222039": {
        "reward_low_FN_rate": {
            "score": -127.7975190001808,
            "threshold": 0.999998092651368
        },
        "reward_low_FP_rate": {
            "score": -90.06925034614167,
            "threshold": 0.999999046325684
        },
        "standard": {
            "score": -59.79751900018076,
            "threshold": 0.999998092651368
        }
    },
    "predictionNnOneEpochnormalized20WindowMAEscore11282025": {
        "reward_low_FN_rate": {
            "score": -110.60008046304785,
            "threshold": 0.9999565124511723
        },
        "reward_low_FP_rate": {
            "score": -51.08623553037261,
            "threshold": 0.9999912261962896
        },
        "standard": {
            "score": -41.088928793347975,
            "threshold": 0.9999858856201178
        }
    },
    "predictionNnOneEpochnormalized30WindowMAEscore11281536": {
        "reward_low_FN_rate": {
            "score": -100.31613180875665,
            "threshold": 0.999990844726563
        },
        "reward_low_FP_rate": {
            "score": -43.67886984828495,
            "threshold": 0.999990844726563
        },
        "standard": {
            "score": -34.31613180875665,
            "threshold": 0.999990844726563
        }
    },
    "predictionNnOneEpochnormalized30WindowMseError11222038": {
        "reward_low_FN_rate": {
            "score": -216.22689864290973,
            "threshold": 0.4917964935302736
        },
        "reward_low_FP_rate": {
            "score": -114.36468139506023,
            "threshold": 0.8031250000000002
        },
        "standard": {
            "score": -110.86066346853738,
            "threshold": 0.5126953125
        }
    },
    "predictionNnOneEpochnormalized40Window1128238": {
        "reward_low_FN_rate": {
            "score": -91.93918949480879,
            "threshold": 0.9999900817871097
        },
        "reward_low_FP_rate": {
            "score": -42.3123375791654,
            "threshold": 0.9999900817871097
        },
        "standard": {
            "score": -29.93918949480879,
            "threshold": 0.9999900817871097
        }
    },
    "predictionNnOneEpochnormalized50WindowMAEscore11271726": {
        "reward_low_FN_rate": {
            "score": -104.17904793165823,
            "threshold": 0.9999904632568364
        },
        "reward_low_FP_rate": {
            "score": -47.09765933509379,
            "threshold": 0.9999904632568364
        },
        "standard": {
            "score": -37.17904793165822,
            "threshold": 0.9999904632568364
        }
    },
    "predictionNnOneEpochnormalized50WindowMSEscore11271631": {
        "reward_low_FN_rate": {
            "score": -211.31932006307716,
            "threshold": 0.5320320129394531
        },
        "reward_low_FP_rate": {
            "score": -105.04621472381926,
            "threshold": 0.549999237060547
        },
        "standard": {
            "score": -103.31932006307714,
            "threshold": 0.5320320129394531
        }
    },
    "predictionNnOneEpochnormalized70WindowMAEscore11272225": {
        "reward_low_FN_rate": {
            "score": -106.56738397116557,
            "threshold": 0.9999757766723638
        },
        "reward_low_FP_rate": {
            "score": -48.99982752966372,
            "threshold": 0.999990272521973
        },
        "standard": {
            "score": -38.03104471797511,
            "threshold": 0.999990272521973
        }
    },
    "random": {
        "reward_low_FN_rate": {
            "score": -137.34043451378136,
            "threshold": 0.9976570129394536
        },
        "reward_low_FP_rate": {
            "score": -102.62825701794476,
            "threshold": 0.9995178222656259
        },
        "standard": {
            "score": -75.03937990013522,
            "threshold": 0.9982910156250007
        }
    },
    "randomCutForest": {
        "reward_low_FN_rate": {
            "score": -24.07429862443211,
            "threshold": 0.44804840087890635
        },
        "reward_low_FP_rate": {
            "score": -27.003008629582606,
            "threshold": 0.5751955032348636
        },
        "standard": {
            "score": 3.98356657241316,
            "threshold": 0.4539184570312501
        }
    },
    "relativeEntropy": {
        "reward_low_FN_rate": {
            "score": -27.2288224715,
            "threshold": 0.5
        },
        "reward_low_FP_rate": {
            "score": -5.57182391716,