{
    "bayesChangePt": {
        "reward_low_FN_rate": {
            "score": -119.7471580442638,
            "threshold": 0.9813537597656257
        },
        "reward_low_FP_rate": {
            "score": -108.56073591812678,
            "threshold": 0.9945251464843755
        },
        "standard": {
            "score": -74.9034705754507,
            "threshold": 0.9845962524414067
        }
    },
    "cnn_prediction": {
        "reward_low_FN_rate": {
            "score": -7309.5216570444445,
            "threshold": 0.9998044967651372
        },
        "reward_low_FP_rate": {
            "score": -14529.533708533814,
            "threshold": 0.9998044967651372
        },
        "standard": {
            "score": -7258.5216570444445,
            "threshold": 0.9998044967651372
        }
    },
    "contextOSE": {
        "reward_low_FN_rate": {
            "score": 22.672220314455487,
            "threshold": 0.7047851562500003
        },
        "reward_low_FP_rate": {
            "score": 39.38696292192149,
            "threshold": 0.7656372070312502
        },
        "standard": {
            "score": 46.16700000679116,
            "threshold": 0.7655273437500002
        }
    },
    "expose": {
        "reward_low_FN_rate": {
            "score": -138.31510519385375,
            "threshold": 0.9935243606567389
        },
        "reward_low_FP_rate": {
            "score": -108.5970398319597,
            "threshold": 0.9999267578125005
        },
        "standard": {
            "score": -77.86692739970123,
            "threshold": 0.9947875976562506
        }
    },
    "htmjava": {
        "reward_low_FN_rate": {
            "score": 8.764037437134272,
            "threshold": 0.5126953125
        },
        "reward_low_FP_rate": {
            "score": 15.463515082084744,
            "threshold": 0.65076904296875
        },
        "standard": {
            "score": 33.76403743713426,
            "threshold": 0.5126953125
        }
    },
    "knncad": {
        "reward_low_FN_rate": {
            "score": 0.0,
            "threshold": 1.0
        },
        "reward_low_FP_rate": {
            "score": 0.0,
            "threshold": 1.0
        },
        "standard": {
            "score": 0.0,
            "threshold": 1.0
        }
    },
    "null": {
        "reward_low_FN_rate": {
            "score": -232.0,
            "threshold": 0.6250000000000001
        },
        "reward_low_FP_rate": {
            "score": -116.0,
            "threshold": 0.6250000000000001
        },
        "standard": {
            "score": -116.0,
            "threshold": 0.6250000000000001
        }
    },
    "numenta": {
        "reward_low_FN_rate": {
            "score": 26.634450197137568,
            "threshold": 0.5421876907348634
        },
        "reward_low_FP_rate": {
            "score": 30.431072517124093,
            "threshold": 0.5751955032348636
        },
        "standard": {
            "score": 46.634450197137596,
            "threshold": 0.5421876907348634
        }
    },
    "numentaTM": {
        "reward_low_FN_rate": {
            "score": 8.764037437134272,
            "threshold": 0.5126953125
        },
        "reward_low_FP_rate": {
            "score": 15.463515082084744,
            "threshold": 0.65076904296875
        },
        "standard": {
            "score": 33.76403743713426,
            "threshold": 0.5126953125
        }
    },
    "predictionLstmnormalized30Window11222039": {
        "reward_low_FN_rate": {
            "score": -207.78788917109472,
            "threshold": 0.5574218749999998
        },
        "reward_low_FP_rate": {
            "score": -105.52921617684854,
            "threshold": 0.5574218749999998
        },
        "standard": {
            "score": -101.78788917109463,
            "threshold": 0.5574218749999998
        }
    },
    "predictionNnOneEpochnormalized30WindowMseError11222038": {
        "reward_low_FN_rate": {
            "score": -216.22689864290973,
            "threshold": 0.4917964935302736
        },
        "reward_low_FP_rate": {
            "score": -114.36468139506023,
            "threshold": 0.8031250000000002
        },
        "standard": {
            "score": -110.86066346853738,
            "threshold": 0.5126953125
        }
    },
    "random": {
        "reward_low_FN_rate": {
            "score": -137.34043451378136,
            "threshold": 0.9976570129394536
        },
        "reward_low_FP_rate": {
            "score": -102.62825701794476,
            "threshold": 0.9995178222656259
        },
        "standard": {
            "score": -75.03937990013522,
            "threshold": 0.9982910156250007
        }
    },
    "randomCutForest": {
        "reward_low_FN_rate": {
            "score": -24.07429862443211,
            "threshold": 0.44804840087890635
        },
        "reward_low_FP_rate": {
            "score": -27.003008629582606,
            "threshold": 0.5751955032348636
        },
        "standard": {
            "score": 3.98356657241316,
            "threshold": 0.4539184570312501
        }
    },
    "relativeEntropy": {
        "reward_low_FN_rate": {
            "score": -27.2288224715,
            "threshold": 0.5
        },
        "reward_low_FP_rate": {
            "score": -5.57182391716,
            "threshold": 0.5
        },
        "standard": {
            "score": 10.7711775285,
            "threshold": 0.5
        }
    },
    "skyline": {
        "reward_low_FN_rate": {
            "score": -77.20605964639174,
            "threshold": 0.8031250000000002
        },
        "reward_low_FP_rate": {
            "score": -53.17159266153103,
            "threshold": 0.8996093750000005
        },
        "standard": {
            "score": -33.206059646391715,
            "threshold": 0.8031250000000002
        }
    },
    "twitterADVec": {
        "reward_low_FN_rate": {
            "score": -30.63914483,
            "threshold": 0.5
        },
        "reward_low_FP_rate": {
            "score": -12.15798656,
            "threshold": 0.5
        },
        "standard": {
            "score": -8.639144834,
            "threshold": 0.5
        }
    },
    "windowedGaussian": {
        "reward_low_FN_rate": {
            "score": -98.7538610655,
            "threshold": 1.0
        },
        "reward_low_FP_rate": {
            "score": -87.9970284629,
            "threshold": 1.0
        },
        "standard": {
            "score": -44.7538610655,
            "threshold": 1.0
        }
    }
}