{
    "autoencoderFullyConnectedOneEpoch": {
        "reward_low_FN_rate": {
            "score": -393.96423127210653,
            "threshold": 0.9999998092651373
        },
        "reward_low_FP_rate": {
            "score": -515.1529747893436,
            "threshold": 0.9999998092651373
        },
        "standard": {
            "score": -297.96423127210653,
            "threshold": 0.9999998092651373
        }
    },
    "autoencoderNnnormalized18Nov1118134": {
        "reward_low_FN_rate": {
            "score": -241.5893075382814,
            "threshold": 0.9527832031250004
        },
        "reward_low_FP_rate": {
            "score": -110.7469906381425,
            "threshold": 0.9905273437500005
        },
        "standard": {
            "score": -107.6474155228802,
            "threshold": 0.9906219482421882
        }
    },
    "bayesChangePt": {
        "reward_low_FN_rate": {
            "score": -119.7471580442638,
            "threshold": 0.9813537597656257
        },
        "reward_low_FP_rate": {
            "score": -108.56073591812678,
            "threshold": 0.9945251464843755
        },
        "standard": {
            "score": -74.9034705754507,
            "threshold": 0.9845962524414067
        }
    },
    "cnn_prediction": {
        "reward_low_FN_rate": {
            "score": -7309.5216570444445,
            "threshold": 0.9998044967651372
        },
        "reward_low_FP_rate": {
            "score": -14529.533708533814,
            "threshold": 0.9998044967651372
        },
        "standard": {
            "score": -7258.5216570444445,
            "threshold": 0.9998044967651372
        }
    },
    "contextOSE": {
        "reward_low_FN_rate": {
            "score": 22.67222031445549,
            "threshold": 0.7047851562500003
        },
        "reward_low_FP_rate": {
            "score": 39.38696292192149,
            "threshold": 0.7656372070312502
        },
        "standard": {
            "score": 46.167000006791156,
            "threshold": 0.7655273437500002
        }
    },
    "expose": {
        "reward_low_FN_rate": {
            "score": -138.31510519385375,
            "threshold": 0.9935243606567389
        },
        "reward_low_FP_rate": {
            "score": -108.5970398319597,
            "threshold": 0.9999267578125005
        },
        "standard": {
            "score": -77.86692739970123,
            "threshold": 0.9947875976562506
        }
    },
    "htmjava": {
        "reward_low_FN_rate": {
            "score": 8.764037437134272,
            "threshold": 0.5126953125
        },
        "reward_low_FP_rate": {
            "score": 15.463515082084744,
            "threshold": 0.65076904296875
        },
        "standard": {
            "score": 33.76403743713426,
            "threshold": 0.5126953125
        }
    },
    "knncad": {
        "reward_low_FN_rate": {
            "score": 0.0,
            "threshold": 1.0
        },
        "reward_low_FP_rate": {
            "score": 0.0,
            "threshold": 1.0
        },
        "standard": {
            "score": 0.0,
            "threshold": 1.0
        }
    },
    "null": {
        "reward_low_FN_rate": {
            "score": -232.0,
            "threshold": 0.6250000000000001
        },
        "reward_low_FP_rate": {
            "score": -116.0,
            "threshold": 0.6250000000000001
        },
        "standard": {
            "score": -116.0,
            "threshold": 0.6250000000000001
        }
    },
    "numenta": {
        "reward_low_FN_rate": {
            "score": 26.634450197137568,
            "threshold": 0.5421876907348634
        },
        "reward_low_FP_rate": {
            "score": 30.431072517124093,
            "threshold": 0.5751955032348636
        },
        "standard": {
            "score": 46.634450197137596,
            "threshold": 0.5421876907348634
        }
    },
    "numentaTM": {
        "reward_low_FN_rate": {
            "score": 8.764037437134272,
            "threshold": 0.5126953125
        },
        "reward_low_FP_rate": {
            "score": 15.463515082084744,
            "threshold": 0.65076904296875
        },
        "standard": {
            "score": 33.76403743713426,
            "threshold": 0.5126953125
        }
    },
    "predictionCnnOneEpoch": {
        "reward_low_FN_rate": {
            "score": -354.1996461674139,
            "threshold": 0.9999998092651373
        },
        "reward_low_FP_rate": {
            "score": -404.1438387498887,
            "threshold": 0.9999998092651373
        },
        "standard": {
            "score": -249.1996461674139,
            "threshold": 0.9999998092651373
        }
    },
    "predictionCnnOneEpoch923169": {
        "reward_low_FN_rate": {
            "score": -243.40257334880053,
            "threshold": 0.9994758605957038
        },
        "reward_low_FP_rate": {
            "score": -153.40934052205438,
            "threshold": 0.9999998092651373
        },
        "standard": {
            "score": -136.2307360484859,
            "threshold": 0.9998537063598637
        }
    },
    "predictionLstmOneEpoch912123": {
        "reward_low_FN_rate": {
            "score": -232.50141617783632,
            "threshold": 0.9998542785644535
        },
        "reward_low_FP_rate": {
            "score": -115.9363361884661,
            "threshold": 0.9999998092651373
        },
        "standard": {
            "score": -118.50141617783632,
            "threshold": 0.9998542785644535
        }
    },
    "predictionLstmcorrectOneEpoch917166": {
        "reward_low_FN_rate": {
            "score": -2916.5905316389626,
            "threshold": 0.9999998092651373
        },
        "reward_low_FP_rate": {
            "score": -5820.305292863123,
            "threshold": 0.9999998092651373
        },
        "standard": {
            "score": -2885.5905316389626,
            "threshold": 0.9999998092651373
        }
    },
    "predictionLstmoneEpochWithoutNormalization92041": {
        "reward_low_FN_rate": {
            "score": -228.74949501887758,
            "threshold": 0.9957038879394536
        },
        "reward_low_FP_rate": {
            "score": -120.71329053826797,
            "threshold": 0.9998542785644535
        },
        "standard": {
            "score": -114.77371333828678,
            "threshold": 0.9998542785644535
        }
    },
    "predictionNnOneEpoch": {
        "reward_low_FN_rate": {
            "score": -354.19964616741396,
            "threshold": 0.9999998092651373
        },
        "reward_low_FP_rate": {
            "score": -404.14383874988874,
            "threshold": 0.9999998092651373
        },
        "standard": {
            "score": -249.1996461674139,
            "threshold": 0.9999998092651373
        }
    },
    "predictionNnOneEpoch3rdIterationOfSameSetting92046": {
        "reward_low_FN_rate": {
            "score": -289.0836401657288,
            "threshold": 0.9999998092651373
        },
        "reward_low_FP_rate": {
            "score": -262.0846090943501,
            "threshold": 0.9999998092651373
        },
        "standard": {
            "score": -181.08364016572887,
            "threshold": 0.9999998092651373
        }
    },
    "predictionNnOneEpoch9121121": {
        "reward_low_FN_rate": {
            "score": -288.4086755300679,
            "threshold": 0.9999998092651373
        },
        "reward_low_FP_rate": {
            "score": -263.2489995076016,
            "threshold": 0.9999998092651373
        },
        "standard": {
            "score": -181.4086755300679,
            "threshold": 0.9999998092651373
        }
    },
    "predictionNnOneEpochnewStartwithParamStored917168": {
        "reward_low_FN_rate": {
            "score": -286.25642251356044,
            "threshold": 0.9999998092651373
        },
        "reward_low_FP_rate": {
            "score": -260.25739144218176,
            "threshold": 0.9999998092651373
        },