{
    "cnn": {
        "prediction_reward_low_FN_rate": -2033.7705911034482,
        "prediction_reward_low_FP_rate": -6212.730046767241,
        "prediction_standard": -3078.6731280344825
    },
    "contextOSE": {
        "reward_low_FN_rate": 73.18167250416667,
        "reward_low_FP_rate": 66.97713919047413,
        "standard": 69.89956896844828
    },
    "expose": {
        "reward_low_FN_rate": 26.920946783333335,
        "reward_low_FP_rate": 3.1909311068965485,
        "standard": 16.43666922426724
    },
    "htmjava": {
        "reward_low_FN_rate": 70.42407766520115,
        "reward_low_FP_rate": 53.25694971610345,
        "standard": 65.54990960125
    },
    "knncad": {
        "reward_low_FN_rate": 64.81232086001505,
        "reward_low_FP_rate": 43.40851703291233,
        "standard": 57.99434335898808
    },
    "null": {
        "reward_low_FN_rate": 0.0,
        "reward_low_FP_rate": 0.0,
        "standard": 0.0
    },
    "numenta": {
        "reward_low_FN_rate": 74.3202443095115,
        "reward_low_FP_rate": 63.11684160219828,
        "standard": 70.10105611943965
    },
    "numentaTM": {
        "reward_low_FN_rate": 69.18506822906035,
        "reward_low_FP_rate": 56.665308225043105,
        "standard": 64.55346441254311
    },
    "predictionLstmnormalized30Window11222039": {
        "reward_low_FN_rate": 6.957503111781612,
        "reward_low_FP_rate": 4.5132688892241335,
        "standard": 6.125909840086205
    },
    "predictionNnOneEpochnormalized30WindowMseError11222038": {
        "reward_low_FN_rate": 4.532500389942529,
        "reward_low_FP_rate": 0.7048787090517219,
        "standard": 2.215231263362068
    },
    "random": {
        "reward_low_FN_rate": 27.201024564942525,
        "reward_low_FP_rate": 5.763682319827587,
        "standard": 17.655439698232758
    },
    "randomCutForest": {
        "reward_low_FN_rate": 59.74876476310345,
        "reward_low_FP_rate": 38.360772142413786,
        "standard": 51.717054557073276
    },
    "relativeEntropy": {
        "reward_low_FN_rate": 58.84229239324713,
        "reward_low_FP_rate": 47.598351759844824,
        "standard": 54.64274893469828
    },
    "skyline": {
        "reward_low_FN_rate": 44.4810173429885,
        "reward_low_FP_rate": 27.08121005969828,
        "standard": 35.687043255862065
    },
    "twitterADVec": {
        "reward_low_FN_rate": 53.50107495100574,
        "reward_low_FP_rate": 33.610051641206894,
        "standard": 47.06195725408189
    },
    "windowedGaussian": {
        "reward_low_FN_rate": 47.4100271583046,
        "reward_low_FP_rate": 20.86798582474138,
        "standard": 39.649523496077585
    }
}