{
    "autoencoder": {
        "lstm_reward_low_FN_rate": -9096.520348017242,
        "lstm_reward_low_FP_rate": -27489.56104409483,
        "lstm_standard": -13694.780522025863
    },
    "autoencoderFullyConnected": {
        "reward_low_FN_rate": -291.9877091637931,
        "reward_low_FP_rate": -899.8642023965517,
        "standard": -444.0160465043104
    },
    "autoencoderFullyConnectedOneEpoch": {
        "reward_low_FN_rate": -46.54144576781608,
        "reward_low_FP_rate": -172.04869602974142,
        "standard": -78.43285830689655
    },
    "cnn": {
        "prediction_reward_low_FN_rate": -2033.7705911034482,
        "prediction_reward_low_FP_rate": -6212.730046767241,
        "prediction_standard": -3078.6731280344825
    },
    "contextOSE": {
        "reward_low_FN_rate": 73.18167250416667,
        "reward_low_FP_rate": 66.97713919047413,
        "standard": 69.89956896844828
    },
    "expose": {
        "reward_low_FN_rate": 26.920946783333335,
        "reward_low_FP_rate": 3.1909311068965485,
        "standard": 16.43666922426724
    },
    "htmjava": {
        "reward_low_FN_rate": 70.42407766520115,
        "reward_low_FP_rate": 53.25694971610345,
        "standard": 65.54990960125
    },
    "knncad": {
        "reward_low_FN_rate": 64.81232086001505,
        "reward_low_FP_rate": 43.40851703291233,
        "standard": 57.99434335898808
    },
    "null": {
        "reward_low_FN_rate": 0.0,
        "reward_low_FP_rate": 0.0,
        "standard": 0.0
    },
    "numenta": {
        "reward_low_FN_rate": 74.3202443095115,
        "reward_low_FP_rate": 63.11684160219828,
        "standard": 70.10105611943965
    },
    "numentaTM": {
        "reward_low_FN_rate": 69.18506822906035,
        "reward_low_FP_rate": 56.665308225043105,
        "standard": 64.55346441254311
    },
    "predictionCnn": {
        "reward_low_FN_rate": -117.57009808045976,
        "reward_low_FP_rate": -359.60655502112064,
        "standard": -178.0792850517241
    },
    "predictionCnnOneEpoch": {
        "reward_low_FN_rate": -35.1148408525862,
        "reward_low_FP_rate": -124.19993049568966,
        "standard": -57.41364058922414
    },
    "predictionNn": {
        "reward_low_FN_rate": -273.26848863218396,
        "reward_low_FP_rate": -830.055396724138,
        "standard": -412.4889398448276
    },
    "predictionNnOneEpoch": {
        "reward_low_FN_rate": -35.1148408525862,
        "reward_low_FP_rate": -124.19993049568966,
        "standard": -57.41364058922414
    },
    "random": {
        "reward_low_FN_rate": 27.201024564942525,
        "reward_low_FP_rate": 5.763682319827587,
        "standard": 17.655439698232758
    },
    "randomCutForest": {
        "reward_low_FN_rate": 59.74876476310345,
        "reward_low_FP_rate": 38.360772142413786,
        "standard": 51.717054557073276
    },
    "relativeEntropy": {
        "reward_low_FN_rate": 58.84229239324713,
        "reward_low_FP_rate": 47.598351759844824,
        "standard": 54.64274893469828
    },
    "skyline": {
        "reward_low_FN_rate": 44.4810173429885,
        "reward_low_FP_rate": 27.08121005969828,
        "standard": 35.687043255862065
    },
    "twitterADVec": {
        "reward_low_FN_rate": 53.50107495100574,
        "reward_low_FP_rate": 33.610051641206894,
        "standard": 47.06195725408189
    },
    "windowedGaussian": {
        "reward_low_FN_rate": 47.4100271583046,
        "reward_low_FP_rate": 20.86798582474138,
        "standard": 39.649523496077585
    }
}