{
    "contextOSE": {
        "reward_low_FN_rate": 73.18167250416667,
        "reward_low_FP_rate": 66.97713919047413,
        "standard": 69.89956896844828
    },
    "expose": {
        "reward_low_FN_rate": 26.920946783333335,
        "reward_low_FP_rate": 3.1909311068965485,
        "standard": 16.43666922426724
    },
    "htmjava": {
        "reward_low_FN_rate": 70.42407766520115,
        "reward_low_FP_rate": 53.25694971610345,
        "standard": 65.54990960125
    },
    "knncad": {
        "reward_low_FN_rate": 64.81232086001505,
        "reward_low_FP_rate": 43.40851703291233,
        "standard": 57.99434335898808
    },
    "normalizedDataNABpostProcessing": {
        "reward_low_FN_rate": 53.63562579074713,
        "reward_low_FP_rate": 45.30149277982758,
        "standard": 50.28102489300474
    },
    "null": {
        "reward_low_FN_rate": 0.0,
        "reward_low_FP_rate": 0.0,
        "standard": 0.0
    },
    "numenta": {
        "reward_low_FN_rate": 74.3202443095115,
        "reward_low_FP_rate": 63.11684160219828,
        "standard": 70.10105611943965
    },
    "numentaTM": {
        "reward_low_FN_rate": 69.18506822906035,
        "reward_low_FP_rate": 56.665308225043105,
        "standard": 64.55346441254311
    },
    "predictionMultiStepCNNMultiStep5Window20mseconvergenceLoss12131837": {
        "reward_low_FN_rate": 21.521082947126438,
        "reward_low_FP_rate": 18.141975954051723,
        "standard": 19.638376319310346
    },
    "predictionMultiStepCNNMultiStep5Window30mseconvergenceLoss1213948": {
        "reward_low_FN_rate": 21.22795009166667,
        "reward_low_FP_rate": 19.61880758806035,
        "standard": 20.94740678
    },
    "predictionMultiStepCNNMultiStep5Window40mseconvergenceLoss12131246": {
        "reward_low_FN_rate": 4.5514185594827605,
        "reward_low_FP_rate": 0.0,
        "standard": 2.9478174943965545
    },
    "predictionMultiStepHugeLSTMMultiStep1Window200mseconvergenceLoss12132040": {
        "reward_low_FN_rate": 0.7749755103448194,
        "reward_low_FP_rate": 0.6616038284482796,
        "standard": 0.7314287827586207
    },
    "predictionMultiStepLSTMMultiStep1Window30mseconvergenceLoss1213948": {
        "reward_low_FN_rate": 20.842165660344822,
        "reward_low_FP_rate": 15.971356602844825,
        "standard": 18.33221400797414
    },
    "predictionMultiStepLSTMMultiStep5Window20mseconvergenceLoss12131837": {
        "reward_low_FN_rate": 23.767313149712642,
        "reward_low_FP_rate": 20.313736723491385,
        "standard": 22.244452213146552
    },
    "predictionMultiStepLSTMMultiStep5Window20mseconvergenceLoss1219237": {
        "reward_low_FN_rate": 5.155982582758622,
        "reward_low_FP_rate": 0.3652498271551693,
        "standard": 3.4236290465517194
    },
    "predictionMultiStepLSTMMultiStep5Window30mseconvergenceLoss12131245": {
        "reward_low_FN_rate": 4.765780545402298,
        "reward_low_FP_rate": 0.6516296012931022,
        "standard": 3.4290290586206935
    },
    "predictionMultiStepNNMultiStep5Window10mseconvergenceLoss1213948": {
        "reward_low_FN_rate": 4.629302633045979,
        "reward_low_FP_rate": 0.0,
        "standard": 3.075439812068965
    },
    "predictionMultiStepNNMultiStep5Window20mseconvergenceLoss12131245": {
        "reward_low_FN_rate": 3.2569311632183893,
        "reward_low_FP_rate": -0.09451856120689757,
        "standard": 2.201180040517243
    },
    "predictionMultiStepNNMultiStep5Window30mseconvergenceLoss12131837": {
        "reward_low_FN_rate": 19.498821407758623,
        "reward_low_FP_rate": 18.051159750689656,
        "standard": 19.592084418103447
    },
    "random": {
        "reward_low_FN_rate": 27.201024564942525,
        "reward_low_FP_rate": 5.763682319827587,
        "standard": 17.655439698232758
    },
    "randomCutForest": {
        "reward_low_FN_rate": 59.74876476310345,
        "reward_low_FP_rate": 38.360772142413786,
        "standard": 51.717054557073276
    },
    "relativeEntropy": {
        "reward_low_FN_rate": 58.84229239324713,
        "reward_low_FP_rate": 47.598351759844824,
        "standard": 54.64274893469828
    },
    "skyline": {
        "reward_low_FN_rate": 44.4810173429885,
        "reward_low_FP_rate": 27.08121005969828,
        "standard": 35.687043255862065
    },
    "twitterADVec": {
        "reward_low_FN_rate": 53.50107495100574,
        "reward_low_FP_rate": 33.610051641206894,
        "standard": 47.06195725408189
    },
    "windowedGaussian": {
        "reward_low_FN_rate": 47.4100271583046,
        "reward_low_FP_rate": 20.86798582474138,
        "standard": 39.649523496077585
    }
}